id,name,email,signup_date
150,Alice Jones,alice.jones150@signup.net,2026-01-13
151,Erin Jones,erin.jones151@test.org,2026-01-12
152,Carol Garcia,carol.garcia152@mail.com,2026-04-23
153,Bob Wilson,bob.wilson153@mail.com,2026-01-11
154,Carol Brown,carol.brown154@test.org,2026-06-20
155,Grace Jones,grace.jones155example.com,2026-06-20
156,Grace Garcia,grace.garcia156@example.com,2026-08-21
157,Dave Brown,dave.brown157@mail.com,2026-01-17
158,Heidi Wilson,heidi.wilson158@test.org,2026-04-23
159,Grace Wilson,grace.wilson159@mail.com,2026-08-27
160,Bob Wilson,bob.wilson160@example.com,2026-09-10
161,Erin Brown,erin.brown161@test.org,2026-03-15
162,Alice Garcia,alice.garcia162@example.com,2026-07-13
163,Alice Brown,alice.brown163@test.org,2026-08-24
164,Dave Brown,dave.brown164@test.org,2026-04-26
165,Dave Davis,dave.davis165@example.com,2026-03-10
166,,heidi.jones166@mail.com,2026-04-12
167,Bob Lee,bob.lee167signup.net,2026-03-12
168,Heidi Wilson,heidi.wilson168@test.org,2026-07-22
169,,carol.smith169@example.com,2026-06-28
170,Grace Patel,grace.patel170@test.org,2026-06-24
171,Grace Smith,grace.smith171signup.net,2026-01-24
172,Alice Patel,alice.patel172@mail.com,2026-04-11
173,Alice Jones,alice.jones173@test.org,2026-05-20
174,Heidi Wilson,heidi.wilson174@example.com,2026-07-24
175,Grace Smith,grace.smith175@signup.net,2026-04-22
176,Bob Brown,bob.brown176test.org,2026-02-27
177,Carol Wilson,carol.wilson177@test.org,2026-04-10
178,Grace Brown,grace.brown178@mail.com,2026-02-28
179,Grace Jones,grace.jones179@mail.com,2026-04-12
180,Alice Lee,alice.lee180@test.org,2026-05-27
181,Frank Wilson,frank.wilson181test.org,2026-07-17
182,Alice Patel,alice.patel182@example.com,2026-02-27
183,Alice Davis,alice.davis183@example.com,2026-07-27
184,Frank Brown,frank.brown184@signup.net,2026-09-18
185,Erin Garcia,erin.garcia185@example.com,2026-07-21
186,Carol Davis,carol.davis186@test.org,2026-04-13
187,Carol Davis,carol.davis187@signup.net,2026-02-12
188,Grace Brown,grace.brown188@mail.com,2026-09-20
189,Carol Wilson,carol.wilson189@example.com,2026-09-25
190,Carol Wilson,carol.wilson190@mail.com,2026-07-15
191,Erin Smith,erin.smith191@test.org,2026-01-13
192,Dave Davis,dave.davis192@signup.net,2026-06-14
193,Frank Smith,frank.smith193@test.org,2026-05-28
194,Dave Lee,dave.lee194@test.org,2026-01-19
195,Heidi Lee,heidi.lee195@test.org,2026-05-23
196,Bob Lee,bob.lee196@mail.com,2026-02-22
197,Grace Garcia,grace.garcia197@test.org,2026-02-15
198,Grace Brown,grace.brown198@mail.com,2026-08-24
199,Grace Wilson,grace.wilson199@mail.com,2026-08-13
